,auroc,auprc,f1
Logistic Regression,1.0,1.0,1.0
Random Forest,1.0,1.0,1.0
XGBoost,1.0,1.0,1.0
LightGBM,0.8846153846153846,0.25,0.0
BiLSTM,0.6153846153846154,0.0909090909090909,0.0
Transformer,1.0,1.0,0.0
Multimodal Fusion,0.9615384615384616,0.5,0.0
