,auroc,auprc,f1
BiLSTM,0.6153846153846154,0.09090909090909091,0.0
Transformer,1.0,1.0,0.0
